--
-- PostgreSQL database dump
--

-- Dumped from database version 16.3
-- Dumped by pg_dump version 16.3

SET statement_timeout = 0;
SET lock_timeout = 0;
SET idle_in_transaction_session_timeout = 0;
SET client_encoding = 'UTF8';
SET standard_conforming_strings = on;
SELECT pg_catalog.set_config('search_path', '', false);
SET check_function_bodies = false;
SET xmloption = content;
SET client_min_messages = warning;
SET row_security = off;

SET default_tablespace = '';

SET default_table_access_method = heap;

--
-- Name: area; Type: TABLE; Schema: public; Owner: -
--

CREATE TABLE public.area (
    id bigint NOT NULL,
    title text NOT NULL,
    slug text NOT NULL,
    image text NOT NULL
);


--
-- Name: area_id_seq; Type: SEQUENCE; Schema: public; Owner: -
--

ALTER TABLE public.area ALTER COLUMN id ADD GENERATED BY DEFAULT AS IDENTITY (
    SEQUENCE NAME public.area_id_seq
    START WITH 1
    INCREMENT BY 1
    NO MINVALUE
    NO MAXVALUE
    CACHE 1
);


--
-- Name: chapter; Type: TABLE; Schema: public; Owner: -
--

CREATE TABLE public.chapter (
    id bigint NOT NULL,
    area_id bigint NOT NULL,
    title text NOT NULL,
    color text DEFAULT '#424242'::text NOT NULL
);


--
-- Name: chapter_id_seq; Type: SEQUENCE; Schema: public; Owner: -
--

ALTER TABLE public.chapter ALTER COLUMN id ADD GENERATED BY DEFAULT AS IDENTITY (
    SEQUENCE NAME public.chapter_id_seq
    START WITH 1
    INCREMENT BY 1
    NO MINVALUE
    NO MAXVALUE
    CACHE 1
);


--
-- Name: exercise; Type: TABLE; Schema: public; Owner: -
--

CREATE TABLE public.exercise (
    id bigint NOT NULL,
    lesson_id bigint NOT NULL,
    statement text NOT NULL,
    image text
);


--
-- Name: exercise_category; Type: TABLE; Schema: public; Owner: -
--

CREATE TABLE public.exercise_category (
    id bigint NOT NULL,
    name text NOT NULL,
    image text NOT NULL,
    CONSTRAINT chk_exercise_category CHECK ((name = ANY (ARRAY['SIMPLE_LEVEL'::text, 'INTERACTIVE_LEVEL'::text, 'ADVERGAME'::text, 'BOSS'::text])))
);


--
-- Name: exercise_category_id_seq; Type: SEQUENCE; Schema: public; Owner: -
--

ALTER TABLE public.exercise_category ALTER COLUMN id ADD GENERATED BY DEFAULT AS IDENTITY (
    SEQUENCE NAME public.exercise_category_id_seq
    START WITH 1
    INCREMENT BY 1
    NO MINVALUE
    NO MAXVALUE
    CACHE 1
);


--
-- Name: exercise_id_seq; Type: SEQUENCE; Schema: public; Owner: -
--

ALTER TABLE public.exercise ALTER COLUMN id ADD GENERATED BY DEFAULT AS IDENTITY (
    SEQUENCE NAME public.exercise_id_seq
    START WITH 1
    INCREMENT BY 1
    NO MINVALUE
    NO MAXVALUE
    CACHE 1
);


--
-- Name: exercise_option; Type: TABLE; Schema: public; Owner: -
--

CREATE TABLE public.exercise_option (
    id bigint NOT NULL,
    exercise_id bigint NOT NULL,
    content text NOT NULL,
    correct boolean,
    correct_order integer,
    category text
);


--
-- Name: exercise_option_id_seq; Type: SEQUENCE; Schema: public; Owner: -
--

ALTER TABLE public.exercise_option ALTER COLUMN id ADD GENERATED BY DEFAULT AS IDENTITY (
    SEQUENCE NAME public.exercise_option_id_seq
    START WITH 1
    INCREMENT BY 1
    NO MINVALUE
    NO MAXVALUE
    CACHE 1
);


--
-- Name: explanation; Type: TABLE; Schema: public; Owner: -
--

CREATE TABLE public.explanation (
    id bigint NOT NULL,
    title text NOT NULL,
    objective text NOT NULL,
    example text NOT NULL,
    tip text,
    lesson_id bigint NOT NULL
);


--
-- Name: explanation_id_seq; Type: SEQUENCE; Schema: public; Owner: -
--

ALTER TABLE public.explanation ALTER COLUMN id ADD GENERATED BY DEFAULT AS IDENTITY (
    SEQUENCE NAME public.explanation_id_seq
    START WITH 1
    INCREMENT BY 1
    NO MINVALUE
    NO MAXVALUE
    CACHE 1
);


--
-- Name: key_point; Type: TABLE; Schema: public; Owner: -
--

CREATE TABLE public.key_point (
    id bigint NOT NULL,
    explanation_id bigint NOT NULL,
    content text NOT NULL
);


--
-- Name: key_point_id_seq; Type: SEQUENCE; Schema: public; Owner: -
--

ALTER TABLE public.key_point ALTER COLUMN id ADD GENERATED BY DEFAULT AS IDENTITY (
    SEQUENCE NAME public.key_point_id_seq
    START WITH 1
    INCREMENT BY 1
    NO MINVALUE
    NO MAXVALUE
    CACHE 1
);


--
-- Name: lesson; Type: TABLE; Schema: public; Owner: -
--

CREATE TABLE public.lesson (
    id bigint NOT NULL,
    chapter_id bigint NOT NULL,
    exercise_category_id bigint NOT NULL,
    exercise_type text NOT NULL,
    title text NOT NULL,
    sequence integer DEFAULT 1 NOT NULL,
    CONSTRAINT chk_exercise_type CHECK ((exercise_type = ANY (ARRAY['DRAG_AND_DROP'::text, 'SORTING'::text, 'MULTIPLE_CHOICE'::text])))
);


--
-- Name: lesson_id_seq; Type: SEQUENCE; Schema: public; Owner: -
--

ALTER TABLE public.lesson ALTER COLUMN id ADD GENERATED BY DEFAULT AS IDENTITY (
    SEQUENCE NAME public.lesson_id_seq
    START WITH 1
    INCREMENT BY 1
    NO MINVALUE
    NO MAXVALUE
    CACHE 1
);


--
-- Name: level; Type: TABLE; Schema: public; Owner: -
--

CREATE TABLE public.level (
    id bigint NOT NULL,
    level_number integer NOT NULL,
    required_xp integer NOT NULL,
    color text NOT NULL
);


--
-- Name: level_id_seq; Type: SEQUENCE; Schema: public; Owner: -
--

ALTER TABLE public.level ALTER COLUMN id ADD GENERATED BY DEFAULT AS IDENTITY (
    SEQUENCE NAME public.level_id_seq
    START WITH 1
    INCREMENT BY 1
    NO MINVALUE
    NO MAXVALUE
    CACHE 1
);


--
-- Name: ranking; Type: TABLE; Schema: public; Owner: -
--

CREATE TABLE public.ranking (
    id bigint NOT NULL,
    user_id bigint NOT NULL,
    points integer DEFAULT 0 NOT NULL,
    times_in_first_place integer DEFAULT 0 NOT NULL,
    times_in_second_place integer DEFAULT 0 NOT NULL,
    times_in_third_place integer DEFAULT 0 NOT NULL
);


--
-- Name: ranking_id_seq; Type: SEQUENCE; Schema: public; Owner: -
--

ALTER TABLE public.ranking ALTER COLUMN id ADD GENERATED BY DEFAULT AS IDENTITY (
    SEQUENCE NAME public.ranking_id_seq
    START WITH 1
    INCREMENT BY 1
    NO MINVALUE
    NO MAXVALUE
    CACHE 1
);


--
-- Name: reason; Type: TABLE; Schema: public; Owner: -
--

CREATE TABLE public.reason (
    id bigint NOT NULL,
    title text NOT NULL,
    slug text NOT NULL,
    image text NOT NULL
);


--
-- Name: reason_id_seq; Type: SEQUENCE; Schema: public; Owner: -
--

ALTER TABLE public.reason ALTER COLUMN id ADD GENERATED BY DEFAULT AS IDENTITY (
    SEQUENCE NAME public.reason_id_seq
    START WITH 1
    INCREMENT BY 1
    NO MINVALUE
    NO MAXVALUE
    CACHE 1
);


--
-- Name: revoked_token; Type: TABLE; Schema: public; Owner: -
--

CREATE TABLE public.revoked_token (
    id bigint NOT NULL,
    token text NOT NULL,
    revoked_at timestamp without time zone NOT NULL
);


--
-- Name: revoked_token_id_seq; Type: SEQUENCE; Schema: public; Owner: -
--

ALTER TABLE public.revoked_token ALTER COLUMN id ADD GENERATED BY DEFAULT AS IDENTITY (
    SEQUENCE NAME public.revoked_token_id_seq
    START WITH 1
    INCREMENT BY 1
    NO MINVALUE
    NO MAXVALUE
    CACHE 1
);


--
-- Name: role; Type: TABLE; Schema: public; Owner: -
--

CREATE TABLE public.role (
    id bigint NOT NULL,
    role text NOT NULL
);


--
-- Name: role_id_seq; Type: SEQUENCE; Schema: public; Owner: -
--

ALTER TABLE public.role ALTER COLUMN id ADD GENERATED BY DEFAULT AS IDENTITY (
    SEQUENCE NAME public.role_id_seq
    START WITH 1
    INCREMENT BY 1
    NO MINVALUE
    NO MAXVALUE
    CACHE 1
);


--
-- Name: study_day; Type: TABLE; Schema: public; Owner: -
--

CREATE TABLE public.study_day (
    id bigint NOT NULL,
    week_day character varying(10) NOT NULL
);


--
-- Name: study_day_id_seq; Type: SEQUENCE; Schema: public; Owner: -
--

ALTER TABLE public.study_day ALTER COLUMN id ADD GENERATED BY DEFAULT AS IDENTITY (
    SEQUENCE NAME public.study_day_id_seq
    START WITH 1
    INCREMENT BY 1
    NO MINVALUE
    NO MAXVALUE
    CACHE 1
);


--
-- Name: study_duration; Type: TABLE; Schema: public; Owner: -
--

CREATE TABLE public.study_duration (
    id bigint NOT NULL,
    duration character varying(50) NOT NULL,
    image text NOT NULL
);


--
-- Name: study_duration_id_seq; Type: SEQUENCE; Schema: public; Owner: -
--

ALTER TABLE public.study_duration ALTER COLUMN id ADD GENERATED BY DEFAULT AS IDENTITY (
    SEQUENCE NAME public.study_duration_id_seq
    START WITH 1
    INCREMENT BY 1
    NO MINVALUE
    NO MAXVALUE
    CACHE 1
);


--
-- Name: user_answer; Type: TABLE; Schema: public; Owner: -
--

CREATE TABLE public.user_answer (
    id bigint NOT NULL,
    user_id bigint NOT NULL,
    exercise_id bigint NOT NULL,
    lesson_id bigint NOT NULL,
    answer text NOT NULL,
    correct boolean NOT NULL,
    answer_date timestamp without time zone NOT NULL,
    already_answered boolean DEFAULT false NOT NULL
);


--
-- Name: user_answer_id_seq; Type: SEQUENCE; Schema: public; Owner: -
--

ALTER TABLE public.user_answer ALTER COLUMN id ADD GENERATED BY DEFAULT AS IDENTITY (
    SEQUENCE NAME public.user_answer_id_seq
    START WITH 1
    INCREMENT BY 1
    NO MINVALUE
    NO MAXVALUE
    CACHE 1
);


--
-- Name: user_area; Type: TABLE; Schema: public; Owner: -
--

CREATE TABLE public.user_area (
    user_id bigint NOT NULL,
    area_id bigint NOT NULL
);


--
-- Name: user_course_progress; Type: TABLE; Schema: public; Owner: -
--

CREATE TABLE public.user_course_progress (
    id bigint NOT NULL,
    user_id bigint NOT NULL,
    area_id bigint NOT NULL,
    completed_exercises integer DEFAULT 0 NOT NULL,
    last_unlocked_lesson_id bigint
);


--
-- Name: user_course_progress_id_seq; Type: SEQUENCE; Schema: public; Owner: -
--

ALTER TABLE public.user_course_progress ALTER COLUMN id ADD GENERATED BY DEFAULT AS IDENTITY (
    SEQUENCE NAME public.user_course_progress_id_seq
    START WITH 1
    INCREMENT BY 1
    NO MINVALUE
    NO MAXVALUE
    CACHE 1
);


--
-- Name: user_day; Type: TABLE; Schema: public; Owner: -
--

CREATE TABLE public.user_day (
    user_id bigint NOT NULL,
    week_day_id bigint NOT NULL
);


--
-- Name: user_reason; Type: TABLE; Schema: public; Owner: -
--

CREATE TABLE public.user_reason (
    user_id bigint NOT NULL,
    reason_id bigint NOT NULL
);


--
-- Name: users; Type: TABLE; Schema: public; Owner: -
--

CREATE TABLE public.users (
    id bigint NOT NULL,
    username text NOT NULL,
    email text NOT NULL,
    password text NOT NULL,
    active boolean NOT NULL,
    role_id bigint NOT NULL,
    study_duration_id bigint,
    initial_form boolean DEFAULT false NOT NULL,
    avatar text,
    banner text,
    color character varying(9),
    current_xp integer DEFAULT 0 NOT NULL,
    level_id bigint DEFAULT 1
);


--
-- Name: users_id_seq; Type: SEQUENCE; Schema: public; Owner: -
--

ALTER TABLE public.users ALTER COLUMN id ADD GENERATED BY DEFAULT AS IDENTITY (
    SEQUENCE NAME public.users_id_seq
    START WITH 1
    INCREMENT BY 1
    NO MINVALUE
    NO MAXVALUE
    CACHE 1
);


--
-- Data for Name: area; Type: TABLE DATA; Schema: public; Owner: -
--

COPY public.area (id, title, slug, image) FROM stdin;
1	Matemática	matematica	b5cd2314-4f18-4ad7-be1c-94f51776e6damath-sloth.png
2	Desenvolvimento de Software	desenvolvimento-de-software	116107f2-20e2-4d64-b5d2-89afc865fa19software-development.svg
3	Lógica e Raciocínio	logica-e-raciocinio	cd7cb7d3-249d-4f09-9f86-f304ce24e504logic.svg
\.


--
-- Data for Name: chapter; Type: TABLE DATA; Schema: public; Owner: -
--

COPY public.chapter (id, area_id, title, color) FROM stdin;
1	2	Capítulo 1: Desbravando o Mundo do Desenvolvimento de Software\n	#F26DAB
3	2	Capítulo 2: Dominando Estruturas de Dados e Algoritmos	#A855F7
\.


--
-- Data for Name: exercise; Type: TABLE DATA; Schema: public; Owner: -
--

COPY public.exercise (id, lesson_id, statement, image) FROM stdin;
1	1	Enquanto você se prepara para a jornada, um mensageiro chega trazendo notícias de um problema no reino. Os habitantes não conseguem resolver um dilema simples: como calcular a soma de todos os itens de uma cesta mágica. Eles pedem sua ajuda. Para isso, você precisa entender o que é um algoritmo.	43d64cd2-a709-4f77-867d-c5e853295e87banner-exercise-1.png
2	2	Agora que você compreende o que é um algoritmo, é hora de aprender a construir um! Você deve criar um algoritmo que some dois números mágicos. Cada passo que você define o levará mais perto de uma solução, mas cuidado: alguns passos podem ser confusos!	888953a9-0f55-4054-a942-e4ed8d8e583bbanner-profile.png
3	3	Você chega a um labirinto onde cada decisão pode levar a um caminho diferente. Para sair, você deve criar um algoritmo que utilize estruturas condicionais. Lembre-se, as escolhas que você faz aqui definirão sua jornada!	01c24961-3134-4590-9ee9-6e634c320042labirinto.png
4	4	Após escapar do labirinto, você se depara com uma montanha íngreme. Para subir, você precisa repetir algumas ações até chegar ao topo. Isso significa que você deve aprender a usar laços em seus algoritmos. Vamos subir essa montanha juntos!	637084ab-469a-47e9-b309-82c515d7ab85mountain.jpeg
\.


--
-- Data for Name: exercise_category; Type: TABLE DATA; Schema: public; Owner: -
--

COPY public.exercise_category (id, name, image) FROM stdin;
1	BOSS	6ba2cc13-d368-4668-8a0c-33347a40b3eaboss.png
2	ADVERGAME	0b3384ab-de1c-49d4-957a-5d4e248a1efaadvergame.png
3	INTERACTIVE_LEVEL	b8fcd73d-9122-4762-9710-8bed457623e7secondary.png
4	SIMPLE_LEVEL	78b0d395-1568-420f-8ea4-c587ba0f5177default-level.png
\.


--
-- Data for Name: exercise_option; Type: TABLE DATA; Schema: public; Owner: -
--

COPY public.exercise_option (id, exercise_id, content, correct, correct_order, category) FROM stdin;
1	1	Uma ferramenta de programação	f	\N	\N
2	1	Um conjunto de instruções para resolver um problema	t	\N	\N
3	1	Um tipo de linguagem de programação	f	\N	\N
4	1	Um tipo de erro no código	f	\N	\N
5	2	Receber dois números	t	\N	step_1
6	2	Somar os números	t	\N	step_2
7	2	Exibir o resultado	t	\N	step_3
8	2	Subtrair os números	f	\N	step_invalid_1
9	2	Multiplicar os números	f	\N	step_invalid_2
10	3	Loop	f	\N	\N
11	3	Condicional (if-else)	t	\N	\N
12	3	Variável	f	\N	\N
13	3	Função	f	\N	\N
14	4	Iniciar contador em 1	\N	1	\N
15	4	Exibir contador	\N	2	\N
16	4	Incrementar contador	\N	3	\N
17	4	Repetir até 5	\N	4	\N
\.


--
-- Data for Name: explanation; Type: TABLE DATA; Schema: public; Owner: -
--

COPY public.explanation (id, title, objective, example, tip, lesson_id) FROM stdin;
1	Entendendo Algoritmos	Aprender o que é um algoritmo e como ele pode ser utilizado para resolver problemas de forma eficiente.	<p><strong>Exemplo de um algoritmo para somar todos os itens em uma lista de números:</strong><br/><br/></p>\n<pre><code>numeros = [1, 2, 3, 4, 5]\nsoma = 0\nfor numero in numeros:\n    soma += numero\nprint(soma)  # Resultado: 15\n</code></pre>	Um algoritmo não precisa ser complexo. Ele pode ser tão simples quanto seguir uma receita de bolo, desde que as instruções sejam claras e executáveis.	1
\.


--
-- Data for Name: key_point; Type: TABLE DATA; Schema: public; Owner: -
--

COPY public.key_point (id, explanation_id, content) FROM stdin;
1	1	Um algoritmo é uma sequência de passos ou instruções claras para resolver um problema específico.
2	1	Algoritmos são usados em várias áreas, como matemática, ciência da computação, e no dia a dia, para automatizar tarefas.
3	1	Qualquer pessoa pode seguir um algoritmo, desde que os passos sejam bem definidos.
\.


--
-- Data for Name: lesson; Type: TABLE DATA; Schema: public; Owner: -
--

COPY public.lesson (id, chapter_id, exercise_category_id, exercise_type, title, sequence) FROM stdin;
1	1	4	MULTIPLE_CHOICE	O Chamado do Desafio	1
3	1	4	MULTIPLE_CHOICE	O Labirinto das Decisões	3
2	1	3	DRAG_AND_DROP	A Trilha dos Passos	2
4	1	3	SORTING	A Escalada dos Laços	4
\.


--
-- Data for Name: level; Type: TABLE DATA; Schema: public; Owner: -
--

COPY public.level (id, level_number, required_xp, color) FROM stdin;
1	1	0	#F26DAB
2	2	100	#F26DAB
3	3	220	#F26DAB
4	4	340	#F26DAB
5	5	460	#F26DAB
6	6	580	#F26DAB
7	7	700	#F26DAB
8	8	820	#F26DAB
9	9	940	#F26DAB
10	10	1100	#A855F7
11	11	1300	#A855F7
\.


--
-- Data for Name: ranking; Type: TABLE DATA; Schema: public; Owner: -
--

COPY public.ranking (id, user_id, points, times_in_first_place, times_in_second_place, times_in_third_place) FROM stdin;
4	4	0	0	0	0
1	1	0	1	0	0
6	6	0	0	1	0
5	5	0	0	0	1
7	7	0	0	0	0
\.


--
-- Data for Name: reason; Type: TABLE DATA; Schema: public; Owner: -
--

COPY public.reason (id, title, slug, image) FROM stdin;
1	Conquistar uma meta pessoal de aprendizado	conquistar-uma-meta-pessoal-de-aprendizado	e865b5ca-06a7-4bb6-94d0-8c9cb0ba6ffeachieve.png
2	Avançar na carreira profissional	avancar-na-carreira-profissional	49020ae1-8a74-40d9-a94d-6ffbf690ac85briefcase.png
3	Avançar na educação	avancar-na-educacao	c0819b31-8ce0-42e6-a616-7439fc653328red-book.png
4	Parar de adiar minhas metas e começar a agir agora	parar-de-adiar-minhas-metas-e-comecar-a-agir-agora	f67ed74e-38bb-45a5-84ac-428c6614b79astop-procrastination.png
\.


--
-- Data for Name: revoked_token; Type: TABLE DATA; Schema: public; Owner: -
--

COPY public.revoked_token (id, token, revoked_at) FROM stdin;
\.


--
-- Data for Name: role; Type: TABLE DATA; Schema: public; Owner: -
--

COPY public.role (id, role) FROM stdin;
1	ADMIN
2	USER
\.


--
-- Data for Name: study_day; Type: TABLE DATA; Schema: public; Owner: -
--

COPY public.study_day (id, week_day) FROM stdin;
1	MONDAY
2	TUESDAY
3	WEDNESDAY
4	THURSDAY
5	FRIDAY
6	SATURDAY
7	SUNDAY
\.


--
-- Data for Name: study_duration; Type: TABLE DATA; Schema: public; Owner: -
--

COPY public.study_duration (id, duration, image) FROM stdin;
1	FIVE_MINUTES	0f1119c9-5da6-4fb8-9bc7-24d5ceaf78cdtime-1.png
2	TEN_MINUTES	1432d96a-99b0-438d-a8f2-69d3c1b760f3time-2.png
3	FIFTEEN_MINUTES	42585f0e-6072-4526-a38b-81dab805a448time-3.png
4	TWENTY_MINUTES	eca1b916-6721-4028-b73e-ac38934f3dfctime-4.png
\.


--
-- Data for Name: user_answer; Type: TABLE DATA; Schema: public; Owner: -
--

COPY public.user_answer (id, user_id, exercise_id, lesson_id, answer, correct, answer_date, already_answered) FROM stdin;
28	1	1	1	Um conjunto de instruções para resolver um problema	t	2024-11-04 21:04:06.582289	t
29	1	2	2	Exibir o resultado	t	2024-11-04 21:04:30.428786	t
30	1	3	3	Condicional (if-else)	t	2024-11-04 21:06:07.640925	t
31	1	4	4	Repetir até 5	t	2024-11-04 21:06:16.729342	t
32	4	1	1	Um conjunto de instruções para resolver um problema	t	2024-11-06 20:21:01.086927	t
33	4	2	2	Exibir o resultado	t	2024-11-06 20:22:24.751178	t
34	4	3	3	Condicional (if-else)	t	2024-11-06 20:54:49.996646	t
35	4	4	4	Repetir até 5	t	2024-11-06 20:55:10.736368	t
36	7	1	1	Um conjunto de instruções para resolver um problema	t	2024-11-06 23:11:09.700462	t
37	7	2	2	Exibir o resultado	t	2024-11-06 23:11:17.461239	t
\.


--
-- Data for Name: user_area; Type: TABLE DATA; Schema: public; Owner: -
--

COPY public.user_area (user_id, area_id) FROM stdin;
1	2
1	1
4	2
5	1
6	3
7	2
\.


--
-- Data for Name: user_course_progress; Type: TABLE DATA; Schema: public; Owner: -
--

COPY public.user_course_progress (id, user_id, area_id, completed_exercises, last_unlocked_lesson_id) FROM stdin;
7	1	2	4	4
8	4	2	4	4
9	7	2	2	2
\.


--
-- Data for Name: user_day; Type: TABLE DATA; Schema: public; Owner: -
--

COPY public.user_day (user_id, week_day_id) FROM stdin;
1	6
1	7
4	1
4	2
4	3
4	4
4	5
4	6
4	7
5	1
5	2
5	3
5	4
5	5
5	6
5	7
6	1
6	2
6	3
6	4
6	5
6	6
6	7
7	1
7	2
7	3
7	4
7	5
7	6
7	7
\.


--
-- Data for Name: user_reason; Type: TABLE DATA; Schema: public; Owner: -
--

COPY public.user_reason (user_id, reason_id) FROM stdin;
1	2
1	4
4	2
4	3
5	1
5	3
6	1
6	2
6	3
6	4
7	1
7	3
\.


--
-- Data for Name: users; Type: TABLE DATA; Schema: public; Owner: -
--

COPY public.users (id, username, email, password, active, role_id, study_duration_id, initial_form, avatar, banner, color, current_xp, level_id) FROM stdin;
1	Luciano Balestrin Correa	luciano@gmail.com	$2a$10$.RvDLkFZTPe/j19RZRhq.uiPhsyuMfPwnNy4IhLqLk46UTgCeHfXm	t	2	4	t	a8eb1f21-bdd7-48b3-b2fa-e2af8643c086avatar.png	5a736e42-2d25-4dcb-a6a3-b2c626fdb526banner-profile.png	#01fe9d	1445	11
4	Gustavo Corrêa	gustavo@gmail.com	$2a$10$Ou0YoRKAxvo6bzy30YUPje0FFBK9.o74UcRI831LLPJWMPkC3x2va	t	2	4	t	443a7613-c93e-4612-8978-d2c0dec40d70stop-procrastination.png	\N	#424242	110	2
5	Teresinha Corrêa	teresinha@gmail.com	$2a$10$EW8YRFnI.ZYsaHGQxzTT/O3SRarj7ME4rMyeSvFiyO4Tfr6sOZeZa	t	2	4	t	\N	\N	\N	0	1
6	Vilmar Diniz	vilmar@gmail.com	$2a$10$ZPNFaL7RraeJ6mPZJ9AATe19VkyaHE3ySBGuTvKKKLt0eQLHUIzPe	t	2	1	t	\N	\N	\N	0	1
7	Joao	joao@gmail.com	$2a$10$o..jBFrLrIhcBg0GekSuxu92HmxOroiEimTc.IfmYpV0Kg63IwSdG	t	2	4	t	\N	\N	#424242	55	1
\.


--
-- Name: area_id_seq; Type: SEQUENCE SET; Schema: public; Owner: -
--

SELECT pg_catalog.setval('public.area_id_seq', 3, true);


--
-- Name: chapter_id_seq; Type: SEQUENCE SET; Schema: public; Owner: -
--

SELECT pg_catalog.setval('public.chapter_id_seq', 3, true);


--
-- Name: exercise_category_id_seq; Type: SEQUENCE SET; Schema: public; Owner: -
--

SELECT pg_catalog.setval('public.exercise_category_id_seq', 4, true);


--
-- Name: exercise_id_seq; Type: SEQUENCE SET; Schema: public; Owner: -
--

SELECT pg_catalog.setval('public.exercise_id_seq', 4, true);


--
-- Name: exercise_option_id_seq; Type: SEQUENCE SET; Schema: public; Owner: -
--

SELECT pg_catalog.setval('public.exercise_option_id_seq', 17, true);


--
-- Name: explanation_id_seq; Type: SEQUENCE SET; Schema: public; Owner: -
--

SELECT pg_catalog.setval('public.explanation_id_seq', 1, true);


--
-- Name: key_point_id_seq; Type: SEQUENCE SET; Schema: public; Owner: -
--

SELECT pg_catalog.setval('public.key_point_id_seq', 3, true);


--
-- Name: lesson_id_seq; Type: SEQUENCE SET; Schema: public; Owner: -
--

SELECT pg_catalog.setval('public.lesson_id_seq', 4, true);


--
-- Name: level_id_seq; Type: SEQUENCE SET; Schema: public; Owner: -
--

SELECT pg_catalog.setval('public.level_id_seq', 11, true);


--
-- Name: ranking_id_seq; Type: SEQUENCE SET; Schema: public; Owner: -
--

SELECT pg_catalog.setval('public.ranking_id_seq', 7, true);


--
-- Name: reason_id_seq; Type: SEQUENCE SET; Schema: public; Owner: -
--

SELECT pg_catalog.setval('public.reason_id_seq', 4, true);


--
-- Name: revoked_token_id_seq; Type: SEQUENCE SET; Schema: public; Owner: -
--

SELECT pg_catalog.setval('public.revoked_token_id_seq', 1, false);


--
-- Name: role_id_seq; Type: SEQUENCE SET; Schema: public; Owner: -
--

SELECT pg_catalog.setval('public.role_id_seq', 2, true);


--
-- Name: study_day_id_seq; Type: SEQUENCE SET; Schema: public; Owner: -
--

SELECT pg_catalog.setval('public.study_day_id_seq', 7, true);


--
-- Name: study_duration_id_seq; Type: SEQUENCE SET; Schema: public; Owner: -
--

SELECT pg_catalog.setval('public.study_duration_id_seq', 4, true);


--
-- Name: user_answer_id_seq; Type: SEQUENCE SET; Schema: public; Owner: -
--

SELECT pg_catalog.setval('public.user_answer_id_seq', 37, true);


--
-- Name: user_course_progress_id_seq; Type: SEQUENCE SET; Schema: public; Owner: -
--

SELECT pg_catalog.setval('public.user_course_progress_id_seq', 9, true);


--
-- Name: users_id_seq; Type: SEQUENCE SET; Schema: public; Owner: -
--

SELECT pg_catalog.setval('public.users_id_seq', 7, true);


--
-- Name: area area_pkey; Type: CONSTRAINT; Schema: public; Owner: -
--

ALTER TABLE ONLY public.area
    ADD CONSTRAINT area_pkey PRIMARY KEY (id);


--
-- Name: area area_slug_key; Type: CONSTRAINT; Schema: public; Owner: -
--

ALTER TABLE ONLY public.area
    ADD CONSTRAINT area_slug_key UNIQUE (slug);


--
-- Name: chapter chapter_pkey; Type: CONSTRAINT; Schema: public; Owner: -
--

ALTER TABLE ONLY public.chapter
    ADD CONSTRAINT chapter_pkey PRIMARY KEY (id);


--
-- Name: exercise_category exercise_category_name_key; Type: CONSTRAINT; Schema: public; Owner: -
--

ALTER TABLE ONLY public.exercise_category
    ADD CONSTRAINT exercise_category_name_key UNIQUE (name);


--
-- Name: exercise_category exercise_category_pkey; Type: CONSTRAINT; Schema: public; Owner: -
--

ALTER TABLE ONLY public.exercise_category
    ADD CONSTRAINT exercise_category_pkey PRIMARY KEY (id);


--
-- Name: exercise_option exercise_option_pkey; Type: CONSTRAINT; Schema: public; Owner: -
--

ALTER TABLE ONLY public.exercise_option
    ADD CONSTRAINT exercise_option_pkey PRIMARY KEY (id);


--
-- Name: exercise exercise_pkey; Type: CONSTRAINT; Schema: public; Owner: -
--

ALTER TABLE ONLY public.exercise
    ADD CONSTRAINT exercise_pkey PRIMARY KEY (id);


--
-- Name: explanation explanation_pkey; Type: CONSTRAINT; Schema: public; Owner: -
--

ALTER TABLE ONLY public.explanation
    ADD CONSTRAINT explanation_pkey PRIMARY KEY (id);


--
-- Name: key_point key_point_pkey; Type: CONSTRAINT; Schema: public; Owner: -
--

ALTER TABLE ONLY public.key_point
    ADD CONSTRAINT key_point_pkey PRIMARY KEY (id);


--
-- Name: lesson lesson_pkey; Type: CONSTRAINT; Schema: public; Owner: -
--

ALTER TABLE ONLY public.lesson
    ADD CONSTRAINT lesson_pkey PRIMARY KEY (id);


--
-- Name: level level_level_number_key; Type: CONSTRAINT; Schema: public; Owner: -
--

ALTER TABLE ONLY public.level
    ADD CONSTRAINT level_level_number_key UNIQUE (level_number);


--
-- Name: level level_pkey; Type: CONSTRAINT; Schema: public; Owner: -
--

ALTER TABLE ONLY public.level
    ADD CONSTRAINT level_pkey PRIMARY KEY (id);


--
-- Name: ranking ranking_pkey; Type: CONSTRAINT; Schema: public; Owner: -
--

ALTER TABLE ONLY public.ranking
    ADD CONSTRAINT ranking_pkey PRIMARY KEY (id);


--
-- Name: reason reason_pkey; Type: CONSTRAINT; Schema: public; Owner: -
--

ALTER TABLE ONLY public.reason
    ADD CONSTRAINT reason_pkey PRIMARY KEY (id);


--
-- Name: reason reason_slug_key; Type: CONSTRAINT; Schema: public; Owner: -
--

ALTER TABLE ONLY public.reason
    ADD CONSTRAINT reason_slug_key UNIQUE (slug);


--
-- Name: revoked_token revoked_token_pkey; Type: CONSTRAINT; Schema: public; Owner: -
--

ALTER TABLE ONLY public.revoked_token
    ADD CONSTRAINT revoked_token_pkey PRIMARY KEY (id);


--
-- Name: revoked_token revoked_token_token_key; Type: CONSTRAINT; Schema: public; Owner: -
--

ALTER TABLE ONLY public.revoked_token
    ADD CONSTRAINT revoked_token_token_key UNIQUE (token);


--
-- Name: role role_pkey; Type: CONSTRAINT; Schema: public; Owner: -
--

ALTER TABLE ONLY public.role
    ADD CONSTRAINT role_pkey PRIMARY KEY (id);


--
-- Name: role role_role_key; Type: CONSTRAINT; Schema: public; Owner: -
--

ALTER TABLE ONLY public.role
    ADD CONSTRAINT role_role_key UNIQUE (role);


--
-- Name: study_day study_day_pkey; Type: CONSTRAINT; Schema: public; Owner: -
--

ALTER TABLE ONLY public.study_day
    ADD CONSTRAINT study_day_pkey PRIMARY KEY (id);


--
-- Name: study_day study_day_week_day_key; Type: CONSTRAINT; Schema: public; Owner: -
--

ALTER TABLE ONLY public.study_day
    ADD CONSTRAINT study_day_week_day_key UNIQUE (week_day);


--
-- Name: study_duration study_duration_duration_key; Type: CONSTRAINT; Schema: public; Owner: -
--

ALTER TABLE ONLY public.study_duration
    ADD CONSTRAINT study_duration_duration_key UNIQUE (duration);


--
-- Name: study_duration study_duration_pkey; Type: CONSTRAINT; Schema: public; Owner: -
--

ALTER TABLE ONLY public.study_duration
    ADD CONSTRAINT study_duration_pkey PRIMARY KEY (id);


--
-- Name: user_answer user_answer_pkey; Type: CONSTRAINT; Schema: public; Owner: -
--

ALTER TABLE ONLY public.user_answer
    ADD CONSTRAINT user_answer_pkey PRIMARY KEY (id);


--
-- Name: user_area user_area_pkey; Type: CONSTRAINT; Schema: public; Owner: -
--

ALTER TABLE ONLY public.user_area
    ADD CONSTRAINT user_area_pkey PRIMARY KEY (user_id, area_id);


--
-- Name: user_course_progress user_course_progress_pkey; Type: CONSTRAINT; Schema: public; Owner: -
--

ALTER TABLE ONLY public.user_course_progress
    ADD CONSTRAINT user_course_progress_pkey PRIMARY KEY (id);


--
-- Name: user_course_progress user_course_progress_user_id_area_id_key; Type: CONSTRAINT; Schema: public; Owner: -
--

ALTER TABLE ONLY public.user_course_progress
    ADD CONSTRAINT user_course_progress_user_id_area_id_key UNIQUE (user_id, area_id);


--
-- Name: user_day user_day_pkey; Type: CONSTRAINT; Schema: public; Owner: -
--

ALTER TABLE ONLY public.user_day
    ADD CONSTRAINT user_day_pkey PRIMARY KEY (user_id, week_day_id);


--
-- Name: user_reason user_reason_pkey; Type: CONSTRAINT; Schema: public; Owner: -
--

ALTER TABLE ONLY public.user_reason
    ADD CONSTRAINT user_reason_pkey PRIMARY KEY (user_id, reason_id);


--
-- Name: users users_email_key; Type: CONSTRAINT; Schema: public; Owner: -
--

ALTER TABLE ONLY public.users
    ADD CONSTRAINT users_email_key UNIQUE (email);


--
-- Name: users users_pkey; Type: CONSTRAINT; Schema: public; Owner: -
--

ALTER TABLE ONLY public.users
    ADD CONSTRAINT users_pkey PRIMARY KEY (id);


--
-- Name: chapter fk_area; Type: FK CONSTRAINT; Schema: public; Owner: -
--

ALTER TABLE ONLY public.chapter
    ADD CONSTRAINT fk_area FOREIGN KEY (area_id) REFERENCES public.area(id) ON DELETE CASCADE;


--
-- Name: lesson fk_chapter; Type: FK CONSTRAINT; Schema: public; Owner: -
--

ALTER TABLE ONLY public.lesson
    ADD CONSTRAINT fk_chapter FOREIGN KEY (chapter_id) REFERENCES public.chapter(id) ON DELETE CASCADE;


--
-- Name: user_answer fk_exercise; Type: FK CONSTRAINT; Schema: public; Owner: -
--

ALTER TABLE ONLY public.user_answer
    ADD CONSTRAINT fk_exercise FOREIGN KEY (exercise_id) REFERENCES public.exercise(id) ON DELETE CASCADE;


--
-- Name: lesson fk_exercise_category; Type: FK CONSTRAINT; Schema: public; Owner: -
--

ALTER TABLE ONLY public.lesson
    ADD CONSTRAINT fk_exercise_category FOREIGN KEY (exercise_category_id) REFERENCES public.exercise_category(id) ON DELETE CASCADE;


--
-- Name: key_point fk_explanation; Type: FK CONSTRAINT; Schema: public; Owner: -
--

ALTER TABLE ONLY public.key_point
    ADD CONSTRAINT fk_explanation FOREIGN KEY (explanation_id) REFERENCES public.explanation(id) ON DELETE CASCADE;


--
-- Name: explanation fk_lesson; Type: FK CONSTRAINT; Schema: public; Owner: -
--

ALTER TABLE ONLY public.explanation
    ADD CONSTRAINT fk_lesson FOREIGN KEY (lesson_id) REFERENCES public.lesson(id) ON DELETE CASCADE;


--
-- Name: exercise fk_lesson; Type: FK CONSTRAINT; Schema: public; Owner: -
--

ALTER TABLE ONLY public.exercise
    ADD CONSTRAINT fk_lesson FOREIGN KEY (lesson_id) REFERENCES public.lesson(id) ON DELETE CASCADE;


--
-- Name: user_answer fk_lesson; Type: FK CONSTRAINT; Schema: public; Owner: -
--

ALTER TABLE ONLY public.user_answer
    ADD CONSTRAINT fk_lesson FOREIGN KEY (lesson_id) REFERENCES public.lesson(id) ON DELETE CASCADE;


--
-- Name: users fk_role_user; Type: FK CONSTRAINT; Schema: public; Owner: -
--

ALTER TABLE ONLY public.users
    ADD CONSTRAINT fk_role_user FOREIGN KEY (role_id) REFERENCES public.role(id);


--
-- Name: user_answer fk_user; Type: FK CONSTRAINT; Schema: public; Owner: -
--

ALTER TABLE ONLY public.user_answer
    ADD CONSTRAINT fk_user FOREIGN KEY (user_id) REFERENCES public.users(id) ON DELETE CASCADE;


--
-- Name: ranking fk_user; Type: FK CONSTRAINT; Schema: public; Owner: -
--

ALTER TABLE ONLY public.ranking
    ADD CONSTRAINT fk_user FOREIGN KEY (user_id) REFERENCES public.users(id) ON DELETE CASCADE;


--
-- Name: user_area fk_user_area_area; Type: FK CONSTRAINT; Schema: public; Owner: -
--

ALTER TABLE ONLY public.user_area
    ADD CONSTRAINT fk_user_area_area FOREIGN KEY (area_id) REFERENCES public.area(id) ON DELETE CASCADE;


--
-- Name: user_reason fk_user_area_user; Type: FK CONSTRAINT; Schema: public; Owner: -
--

ALTER TABLE ONLY public.user_reason
    ADD CONSTRAINT fk_user_area_user FOREIGN KEY (user_id) REFERENCES public.users(id) ON DELETE CASCADE;


--
-- Name: user_day fk_user_area_user; Type: FK CONSTRAINT; Schema: public; Owner: -
--

ALTER TABLE ONLY public.user_day
    ADD CONSTRAINT fk_user_area_user FOREIGN KEY (user_id) REFERENCES public.users(id) ON DELETE CASCADE;


--
-- Name: user_area fk_user_area_user; Type: FK CONSTRAINT; Schema: public; Owner: -
--

ALTER TABLE ONLY public.user_area
    ADD CONSTRAINT fk_user_area_user FOREIGN KEY (user_id) REFERENCES public.users(id) ON DELETE CASCADE;


--
-- Name: user_course_progress fk_user_course_progress_area; Type: FK CONSTRAINT; Schema: public; Owner: -
--

ALTER TABLE ONLY public.user_course_progress
    ADD CONSTRAINT fk_user_course_progress_area FOREIGN KEY (area_id) REFERENCES public.area(id) ON DELETE CASCADE;


--
-- Name: user_course_progress fk_user_course_progress_lesson; Type: FK CONSTRAINT; Schema: public; Owner: -
--

ALTER TABLE ONLY public.user_course_progress
    ADD CONSTRAINT fk_user_course_progress_lesson FOREIGN KEY (last_unlocked_lesson_id) REFERENCES public.lesson(id) ON DELETE CASCADE;


--
-- Name: user_course_progress fk_user_course_progress_user; Type: FK CONSTRAINT; Schema: public; Owner: -
--

ALTER TABLE ONLY public.user_course_progress
    ADD CONSTRAINT fk_user_course_progress_user FOREIGN KEY (user_id) REFERENCES public.users(id) ON DELETE CASCADE;


--
-- Name: user_reason fk_user_reason_reason; Type: FK CONSTRAINT; Schema: public; Owner: -
--

ALTER TABLE ONLY public.user_reason
    ADD CONSTRAINT fk_user_reason_reason FOREIGN KEY (reason_id) REFERENCES public.reason(id) ON DELETE CASCADE;


--
-- Name: user_day fk_user_study_day; Type: FK CONSTRAINT; Schema: public; Owner: -
--

ALTER TABLE ONLY public.user_day
    ADD CONSTRAINT fk_user_study_day FOREIGN KEY (week_day_id) REFERENCES public.study_day(id) ON DELETE CASCADE;


--
-- Name: users fk_user_study_duration; Type: FK CONSTRAINT; Schema: public; Owner: -
--

ALTER TABLE ONLY public.users
    ADD CONSTRAINT fk_user_study_duration FOREIGN KEY (study_duration_id) REFERENCES public.study_duration(id) ON DELETE CASCADE;


--
-- Name: users fk_users_level; Type: FK CONSTRAINT; Schema: public; Owner: -
--

ALTER TABLE ONLY public.users
    ADD CONSTRAINT fk_users_level FOREIGN KEY (level_id) REFERENCES public.level(id);


--
-- PostgreSQL database dump complete
--

